{
  "n_predictions": 2,
  "predictions": [
    154281.47213582275,
    154281.47213582275
  ]
}